station,datetime,temperature,humidity,pressure,wind_speed
Station_C,2023-01-01 00:00:00,25.18,61.81,1003.76,12.79
Station_C,2023-01-01 01:00:00,25.97,45.98,1021.27,12.64
Station_A,2023-01-01 02:00:00,22.22,72.53,1022.68,6.98
Station_B,2023-01-01 03:00:00,24.58,67.78,1015.4,13.87
Station_B,2023-01-01 04:00:00,23.66,33.35,1022.86,0.13
Station_A,2023-01-01 05:00:00,29.76,65.66,1007.92,14.99
Station_B,2023-01-01 06:00:00,32.36,48.75,997.79,11.79
Station_B,2023-01-01 07:00:00,19.86,74.55,1002.15,5.53
Station_C,2023-01-01 08:00:00,20.24,58.51,994.2,6.73
Station_A,2023-01-01 09:00:00,34.45,38.58,1004.49,9.19
Station_D,2023-01-01 10:00:00,34.28,86.85,1018.11,6.65
Station_B,2023-01-01 11:00:00,28.57,86.62,1022.81,14.27
Station_A,2023-01-01 12:00:00,26.09,37.94,1000.72,5.83
Station_C,2023-01-01 13:00:00,34.22,71.62,1002.39,9.5
Station_C,2023-01-01 14:00:00,21.04,70.52,998.87,0.76
Station_B,2023-01-01 15:00:00,22.01,62.58,998.94,4.89
Station_A,2023-01-01 16:00:00,28.13,79.28,993.77,11.91
Station_A,2023-01-01 17:00:00,31.62,84.22,1024.9,11.14
Station_C,2023-01-01 18:00:00,31.35,55.42,1001.72,9.37
Station_D,2023-01-01 19:00:00,19.79,52.06,1000.28,5.05
Station_D,2023-01-01 20:00:00,34.49,76.08,1006.38,9.16
Station_C,2023-01-01 21:00:00,25.06,73.27,1018.6,7.92
Station_A,2023-01-01 22:00:00,19.32,44.4,993.51,4.33
Station_D,2023-01-01 23:00:00,25.51,52.52,992.53,3.76
Station_A,2023-01-02 00:00:00,30.06,85.79,1018.03,1.91
Station_A,2023-01-02 01:00:00,28.94,67.32,991.33,0.07
Station_B,2023-01-02 02:00:00,33.29,40.5,1018.35,5.36
Station_A,2023-01-02 03:00:00,22.0,89.12,1015.53,1.02
Station_B,2023-01-02 04:00:00,30.32,66.89,995.81,6.69
Station_C,2023-01-02 05:00:00,20.6,61.47,1012.43,2.93
Station_B,2023-01-02 06:00:00,24.41,57.73,1007.23,14.25
Station_A,2023-01-02 07:00:00,20.6,57.21,1001.17,12.22
Station_B,2023-01-02 08:00:00,30.97,61.75,1018.42,12.6
Station_D,2023-01-02 09:00:00,17.55,57.68,1003.2,5.09
Station_D,2023-01-02 10:00:00,18.92,62.06,991.73,6.02
Station_C,2023-01-02 11:00:00,26.98,44.64,1002.48,10.64
Station_A,2023-01-02 12:00:00,26.88,79.84,1014.09,1.82
Station_B,2023-01-02 13:00:00,23.89,55.77,995.15,2.22
Station_A,2023-01-02 14:00:00,20.59,79.08,1007.78,13.37
Station_D,2023-01-02 15:00:00,23.51,73.86,1004.45,2.7
Station_C,2023-01-02 16:00:00,27.23,70.84,994.26,7.65
Station_B,2023-01-02 17:00:00,32.41,75.62,997.13,0.67
Station_D,2023-01-02 18:00:00,20.26,48.92,1006.96,6.01
Station_A,2023-01-02 19:00:00,32.46,81.36,1021.05,13.06
Station_D,2023-01-02 20:00:00,32.67,43.43,1018.55,10.73
Station_C,2023-01-02 21:00:00,22.59,54.69,990.25,9.97
Station_C,2023-01-02 22:00:00,24.74,84.11,996.13,10.09
Station_D,2023-01-02 23:00:00,21.75,61.08,998.59,9.62
Station_B,2023-01-03 00:00:00,17.35,57.83,1014.58,2.98
Station_A,2023-01-03 01:00:00,31.92,77.03,1009.68,9.99
Station_B,2023-01-03 02:00:00,24.32,31.29,1024.38,5.15
Station_A,2023-01-03 03:00:00,23.03,72.61,1007.35,4.26
Station_A,2023-01-03 04:00:00,18.26,81.22,1018.06,3.48
Station_C,2023-01-03 05:00:00,29.73,53.32,998.92,2.27
Station_A,2023-01-03 06:00:00,17.45,72.18,1024.55,4.93
Station_A,2023-01-03 07:00:00,16.26,79.17,1001.97,13.04
Station_D,2023-01-03 08:00:00,30.95,52.47,1023.12,5.57
Station_B,2023-01-03 09:00:00,15.23,55.31,1015.12,7.22
Station_C,2023-01-03 10:00:00,17.63,51.32,1015.77,6.93
Station_C,2023-01-03 11:00:00,24.89,47.69,993.45,0.47
Station_D,2023-01-03 12:00:00,20.7,40.23,1017.42,0.36
Station_A,2023-01-03 13:00:00,24.59,41.69,1002.1,6.91
Station_A,2023-01-03 14:00:00,17.92,68.48,998.92,7.79
Station_C,2023-01-03 15:00:00,25.6,81.82,996.35,9.95
Station_A,2023-01-03 16:00:00,32.79,62.54,1012.95,13.34
Station_A,2023-01-03 17:00:00,27.27,43.77,1016.42,0.6
Station_B,2023-01-03 18:00:00,15.53,38.27,1021.97,7.2
Station_C,2023-01-03 19:00:00,33.42,31.74,1009.8,2.08
Station_B,2023-01-03 20:00:00,27.35,34.06,994.99,2.38
Station_D,2023-01-03 21:00:00,21.29,48.35,1017.58,4.35
Station_C,2023-01-03 22:00:00,33.78,36.61,998.23,13.67
Station_D,2023-01-03 23:00:00,18.73,62.69,1023.17,4.34
Station_D,2023-01-04 00:00:00,28.95,68.6,1017.22,12.9
Station_A,2023-01-04 01:00:00,22.95,61.98,1014.49,1.27
Station_B,2023-01-04 02:00:00,15.0,82.36,1006.78,1.57
Station_D,2023-01-04 03:00:00,23.66,79.56,1022.84,12.41
Station_D,2023-01-04 04:00:00,28.31,89.24,1009.3,9.94
Station_D,2023-01-04 05:00:00,27.95,36.66,991.13,4.67
Station_A,2023-01-04 06:00:00,33.27,88.59,998.19,9.46
Station_C,2023-01-04 07:00:00,19.7,50.37,1018.29,8.6
Station_D,2023-01-04 08:00:00,16.91,42.82,1014.85,12.01
Station_B,2023-01-04 09:00:00,32.68,74.89,1023.25,14.59
Station_B,2023-01-04 10:00:00,19.82,40.11,996.92,1.08
Station_A,2023-01-04 11:00:00,28.17,59.15,1024.09,5.56
Station_C,2023-01-04 12:00:00,32.91,86.09,992.54,4.95
Station_B,2023-01-04 13:00:00,27.3,78.33,1020.55,4.7
Station_A,2023-01-04 14:00:00,32.77,88.64,1015.88,9.53
Station_A,2023-01-04 15:00:00,26.56,68.4,1017.37,6.29
Station_B,2023-01-04 16:00:00,34.78,86.33,1015.29,11.56
Station_B,2023-01-04 17:00:00,19.84,52.75,1017.63,6.49
Station_D,2023-01-04 18:00:00,23.14,44.74,1016.96,9.82
Station_B,2023-01-04 19:00:00,22.51,59.73,1008.18,3.69
Station_D,2023-01-04 20:00:00,34.76,41.54,996.24,6.86
Station_C,2023-01-04 21:00:00,28.94,63.98,999.01,7.3
Station_D,2023-01-04 22:00:00,32.77,72.86,1022.45,4.22
Station_A,2023-01-04 23:00:00,18.02,76.59,1018.49,13.63
Station_A,2023-01-05 00:00:00,15.77,33.07,1012.11,4.31
Station_A,2023-01-05 01:00:00,31.68,88.32,995.46,8.4
Station_B,2023-01-05 02:00:00,15.69,57.91,996.64,12.56
Station_B,2023-01-05 03:00:00,19.37,59.12,1017.84,4.1
Station_C,2023-01-05 04:00:00,16.17,63.56,990.97,8.69
Station_D,2023-01-05 05:00:00,21.12,56.24,1022.48,11.39
Station_B,2023-01-05 06:00:00,27.72,50.14,1014.65,11.4
Station_D,2023-01-05 07:00:00,34.95,66.95,994.05,1.01
Station_A,2023-01-05 08:00:00,34.93,59.02,1006.3,10.85
Station_A,2023-01-05 09:00:00,27.39,35.72,992.14,5.18
Station_D,2023-01-05 10:00:00,34.86,58.67,999.65,2.71
Station_C,2023-01-05 11:00:00,25.88,86.91,1004.08,4.06
Station_B,2023-01-05 12:00:00,17.19,37.41,1012.6,10.71
Station_B,2023-01-05 13:00:00,20.76,77.52,1002.75,10.89
Station_B,2023-01-05 14:00:00,29.26,31.64,1005.64,5.03
Station_B,2023-01-05 15:00:00,26.06,54.09,991.07,7.08
Station_A,2023-01-05 16:00:00,34.36,89.23,998.96,12.77
Station_B,2023-01-05 17:00:00,16.98,52.14,991.35,1.98
Station_C,2023-01-05 18:00:00,15.15,56.2,990.7,7.99
Station_A,2023-01-05 19:00:00,16.14,36.91,1016.67,2.86
Station_A,2023-01-05 20:00:00,28.78,88.04,1009.58,12.16
Station_A,2023-01-05 21:00:00,16.3,37.24,1008.34,0.46
Station_B,2023-01-05 22:00:00,21.09,67.3,1020.31,14.68
Station_A,2023-01-05 23:00:00,25.1,42.79,999.99,0.04
Station_C,2023-01-06 00:00:00,31.57,69.44,1010.3,7.42
Station_A,2023-01-06 01:00:00,18.48,35.41,1021.76,2.09
Station_B,2023-01-06 02:00:00,24.55,60.74,1022.53,1.13
Station_C,2023-01-06 03:00:00,15.19,67.88,1024.12,4.02
Station_A,2023-01-06 04:00:00,19.78,54.93,996.37,12.64
Station_D,2023-01-06 05:00:00,34.04,43.5,1019.19,4.27
Station_C,2023-01-06 06:00:00,23.11,69.52,995.93,7.39
Station_C,2023-01-06 07:00:00,24.61,44.55,1009.01,7.15
Station_B,2023-01-06 08:00:00,27.08,80.55,997.44,9.8
Station_D,2023-01-06 09:00:00,22.62,56.12,1018.06,13.95
Station_D,2023-01-06 10:00:00,31.53,48.21,1001.81,7.48
Station_D,2023-01-06 11:00:00,23.68,37.66,1018.46,6.27
Station_A,2023-01-06 12:00:00,15.94,46.26,1011.22,4.24
Station_C,2023-01-06 13:00:00,22.51,31.47,1019.48,10.7
Station_C,2023-01-06 14:00:00,33.95,85.99,1010.15,14.72
Station_B,2023-01-06 15:00:00,33.45,38.08,1005.72,6.09
Station_C,2023-01-06 16:00:00,29.42,54.55,1007.79,7.3
Station_B,2023-01-06 17:00:00,21.19,70.02,1017.08,5.72
Station_A,2023-01-06 18:00:00,18.94,51.01,999.87,7.02
Station_C,2023-01-06 19:00:00,33.09,30.42,1016.46,7.07
Station_B,2023-01-06 20:00:00,23.83,58.27,1011.86,7.14
Station_B,2023-01-06 21:00:00,32.42,51.01,1022.52,11.75
Station_C,2023-01-06 22:00:00,30.98,47.12,1010.01,7.86
Station_C,2023-01-06 23:00:00,15.72,38.4,992.39,2.89
Station_C,2023-01-07 00:00:00,18.44,48.31,1012.19,2.3
Station_A,2023-01-07 01:00:00,29.16,71.17,1021.49,13.79
Station_C,2023-01-07 02:00:00,33.33,30.37,1013.24,11.41
Station_B,2023-01-07 03:00:00,25.84,43.9,991.45,5.1
Station_B,2023-01-07 04:00:00,32.9,63.26,1001.08,5.31
Station_C,2023-01-07 05:00:00,22.99,64.09,1017.61,4.89
Station_D,2023-01-07 06:00:00,30.41,47.69,1000.8,10.11
Station_A,2023-01-07 07:00:00,29.68,50.41,998.89,11.09
Station_C,2023-01-07 08:00:00,32.61,32.75,1002.76,13.88
Station_D,2023-01-07 09:00:00,18.05,32.86,1003.3,10.28
Station_D,2023-01-07 10:00:00,21.89,62.01,1022.64,4.36
Station_B,2023-01-07 11:00:00,19.63,39.26,1014.52,8.64
Station_A,2023-01-07 12:00:00,22.79,34.59,1012.32,12.44
Station_A,2023-01-07 13:00:00,26.05,64.44,1009.37,10.59
Station_B,2023-01-07 14:00:00,18.74,44.13,1019.44,7.53
Station_B,2023-01-07 15:00:00,22.34,60.82,992.04,2.0
Station_D,2023-01-07 16:00:00,24.71,82.49,1006.82,10.38
Station_A,2023-01-07 17:00:00,29.09,75.37,1015.45,10.71
Station_A,2023-01-07 18:00:00,20.7,42.04,1021.21,0.78
Station_B,2023-01-07 19:00:00,17.87,43.8,998.83,0.21
Station_C,2023-01-07 20:00:00,18.92,45.84,991.71,0.12
Station_A,2023-01-07 21:00:00,27.81,35.62,1003.75,6.13
Station_B,2023-01-07 22:00:00,34.24,60.23,1013.45,11.3
Station_C,2023-01-07 23:00:00,15.44,62.44,998.37,12.77
Station_A,2023-01-08 00:00:00,32.21,32.87,1015.72,2.02
Station_C,2023-01-08 01:00:00,24.53,62.56,1002.18,14.91
Station_B,2023-01-08 02:00:00,27.82,89.19,992.91,10.07
Station_C,2023-01-08 03:00:00,18.25,63.74,994.69,6.55
Station_B,2023-01-08 04:00:00,20.68,85.12,993.58,12.85
Station_A,2023-01-08 05:00:00,17.39,70.53,1014.64,10.07
Station_B,2023-01-08 06:00:00,30.54,59.42,999.14,3.8
Station_B,2023-01-08 07:00:00,29.35,88.4,1000.94,1.38
Station_C,2023-01-08 08:00:00,20.2,31.01,1002.28,3.74
Station_C,2023-01-08 09:00:00,15.24,89.05,1010.19,11.72
Station_D,2023-01-08 10:00:00,27.59,49.32,1024.26,11.38
Station_C,2023-01-08 11:00:00,18.13,55.13,1014.75,0.21
Station_D,2023-01-08 12:00:00,20.02,67.73,1014.83,6.78
Station_B,2023-01-08 13:00:00,34.11,73.46,998.93,3.92
Station_A,2023-01-08 14:00:00,19.06,83.08,998.79,3.53
Station_A,2023-01-08 15:00:00,23.55,37.97,1013.39,5.53
Station_B,2023-01-08 16:00:00,17.73,39.05,1010.84,10.67
Station_D,2023-01-08 17:00:00,26.48,40.79,994.75,14.81
Station_A,2023-01-08 18:00:00,15.9,68.59,992.84,10.14
Station_A,2023-01-08 19:00:00,24.74,78.23,1009.64,8.25
Station_D,2023-01-08 20:00:00,24.97,41.41,990.87,3.36
Station_A,2023-01-08 21:00:00,17.18,87.43,1015.38,2.92
Station_D,2023-01-08 22:00:00,29.91,83.63,1024.47,6.65
Station_A,2023-01-08 23:00:00,21.63,72.16,993.75,14.8
Station_B,2023-01-09 00:00:00,29.42,51.44,1021.92,11.28
Station_B,2023-01-09 01:00:00,29.51,88.98,1003.02,6.75
Station_D,2023-01-09 02:00:00,19.7,67.75,1011.16,4.31
Station_D,2023-01-09 03:00:00,29.58,36.87,1024.03,8.31
Station_B,2023-01-09 04:00:00,25.43,56.12,1015.57,13.86
Station_A,2023-01-09 05:00:00,26.52,63.48,1014.25,5.84
Station_A,2023-01-09 06:00:00,17.26,61.01,990.39,12.63
Station_D,2023-01-09 07:00:00,25.46,89.4,1008.5,4.94
Station_C,2023-01-09 08:00:00,28.61,42.84,992.62,3.35
Station_C,2023-01-09 09:00:00,24.71,42.89,1004.35,3.73
Station_C,2023-01-09 10:00:00,16.97,70.88,999.47,11.11
Station_D,2023-01-09 11:00:00,29.07,33.31,1013.55,8.66
Station_D,2023-01-09 12:00:00,19.56,60.09,1003.28,14.66
Station_C,2023-01-09 13:00:00,31.76,40.79,1000.65,13.9
Station_C,2023-01-09 14:00:00,23.68,54.31,1006.11,2.62
Station_C,2023-01-09 15:00:00,31.48,88.17,1013.48,10.69
Station_C,2023-01-09 16:00:00,34.03,70.96,998.66,4.68
Station_C,2023-01-09 17:00:00,32.32,47.73,999.54,9.13
Station_D,2023-01-09 18:00:00,26.21,87.81,1011.1,9.13
Station_B,2023-01-09 19:00:00,22.23,69.36,1011.06,0.63
Station_C,2023-01-09 20:00:00,33.52,68.2,1014.47,12.36
Station_A,2023-01-09 21:00:00,20.44,83.92,994.01,11.84
Station_A,2023-01-09 22:00:00,28.56,31.93,1012.62,5.91
Station_C,2023-01-09 23:00:00,27.95,38.49,1003.93,7.92
Station_D,2023-01-10 00:00:00,27.11,47.86,1023.92,5.05
Station_B,2023-01-10 01:00:00,25.52,61.16,1015.99,13.45
Station_D,2023-01-10 02:00:00,24.16,80.98,1019.6,5.83
Station_A,2023-01-10 03:00:00,23.58,70.22,1008.17,3.77
Station_C,2023-01-10 04:00:00,16.13,84.52,1015.04,8.78
Station_A,2023-01-10 05:00:00,19.82,52.63,1022.69,5.91
Station_B,2023-01-10 06:00:00,17.9,48.48,991.78,12.75
Station_D,2023-01-10 07:00:00,34.81,63.11,997.04,10.95
Station_C,2023-01-10 08:00:00,32.44,56.96,1022.19,12.33
Station_C,2023-01-10 09:00:00,28.21,67.65,1000.08,1.63
Station_D,2023-01-10 10:00:00,29.21,57.77,1018.17,10.5
Station_B,2023-01-10 11:00:00,27.37,79.06,1016.57,1.46
Station_A,2023-01-10 12:00:00,21.34,36.02,992.09,6.7
Station_D,2023-01-10 13:00:00,20.82,48.43,1007.94,12.96
Station_C,2023-01-10 14:00:00,23.78,70.41,1016.99,10.91
Station_C,2023-01-10 15:00:00,16.55,78.71,991.75,9.08
Station_D,2023-01-10 16:00:00,21.19,61.94,990.52,12.63
Station_A,2023-01-10 17:00:00,18.8,74.98,1012.06,9.91
Station_C,2023-01-10 18:00:00,33.58,68.27,1015.09,6.48
Station_A,2023-01-10 19:00:00,31.1,51.94,1015.2,7.05
Station_A,2023-01-10 20:00:00,15.37,39.65,1012.23,3.01
Station_B,2023-01-10 21:00:00,28.46,52.59,1015.52,3.4
Station_C,2023-01-10 22:00:00,29.38,30.13,1002.56,14.4
Station_B,2023-01-10 23:00:00,22.87,83.94,990.51,4.54
Station_B,2023-01-11 00:00:00,25.81,81.47,998.66,6.35
Station_A,2023-01-11 01:00:00,34.64,41.47,1020.07,10.98
Station_D,2023-01-11 02:00:00,34.62,83.35,996.8,4.74
Station_B,2023-01-11 03:00:00,28.12,38.75,1007.37,7.72
Station_D,2023-01-11 04:00:00,33.5,67.93,1017.49,0.53
Station_B,2023-01-11 05:00:00,27.46,89.15,1017.18,6.78
Station_C,2023-01-11 06:00:00,17.7,32.87,1005.43,5.07
Station_B,2023-01-11 07:00:00,15.61,56.83,996.29,7.08
Station_A,2023-01-11 08:00:00,29.93,85.58,1022.68,6.13
Station_C,2023-01-11 09:00:00,17.71,88.08,1007.22,0.86
Station_B,2023-01-11 10:00:00,20.8,34.41,1003.9,8.88
Station_D,2023-01-11 11:00:00,26.56,58.55,1013.67,2.89
Station_A,2023-01-11 12:00:00,17.63,72.79,1019.46,4.51
Station_A,2023-01-11 13:00:00,15.27,89.16,1010.98,10.1
Station_B,2023-01-11 14:00:00,28.33,39.93,1014.07,4.22
Station_B,2023-01-11 15:00:00,26.81,78.42,1002.74,9.84
Station_D,2023-01-11 16:00:00,32.78,84.55,1009.58,2.7
Station_A,2023-01-11 17:00:00,34.51,85.54,1009.55,5.65
Station_C,2023-01-11 18:00:00,22.78,68.62,992.67,10.41
Station_A,2023-01-11 19:00:00,29.76,48.72,1000.82,5.13
Station_D,2023-01-11 20:00:00,17.82,35.51,1023.24,8.72
Station_D,2023-01-11 21:00:00,32.82,69.94,1008.65,0.55
Station_B,2023-01-11 22:00:00,30.73,31.49,1000.49,2.04
Station_A,2023-01-11 23:00:00,22.55,66.02,1014.22,0.81
Station_C,2023-01-12 00:00:00,31.43,43.71,991.93,10.45
Station_C,2023-01-12 01:00:00,23.14,66.49,1005.53,10.18
Station_D,2023-01-12 02:00:00,29.38,54.77,1000.73,0.27
Station_A,2023-01-12 03:00:00,30.27,89.83,1011.78,14.98
Station_C,2023-01-12 04:00:00,34.72,81.68,993.48,7.17
Station_A,2023-01-12 05:00:00,23.53,70.58,1000.39,12.3
Station_C,2023-01-12 06:00:00,30.13,35.29,1023.1,3.76
Station_C,2023-01-12 07:00:00,30.69,52.41,1012.19,13.49
Station_A,2023-01-12 08:00:00,15.01,34.35,1000.87,12.95
Station_B,2023-01-12 09:00:00,20.56,71.83,995.86,12.02
Station_C,2023-01-12 10:00:00,22.67,68.21,1001.71,13.81
Station_D,2023-01-12 11:00:00,31.52,56.93,1024.83,7.22
Station_B,2023-01-12 12:00:00,24.72,42.42,1005.25,3.63
Station_B,2023-01-12 13:00:00,34.55,30.5,998.36,6.25
Station_B,2023-01-12 14:00:00,22.8,83.75,1002.18,3.22
Station_C,2023-01-12 15:00:00,26.49,55.82,1006.1,4.45
Station_B,2023-01-12 16:00:00,33.66,44.87,1006.69,9.5
Station_A,2023-01-12 17:00:00,21.53,78.2,996.32,6.37
Station_C,2023-01-12 18:00:00,27.83,55.25,993.4,8.56
Station_C,2023-01-12 19:00:00,33.95,66.75,1020.39,10.31
Station_B,2023-01-12 20:00:00,30.23,55.8,991.74,1.99
Station_B,2023-01-12 21:00:00,26.18,43.56,1003.33,4.51
Station_D,2023-01-12 22:00:00,17.09,59.01,1017.86,7.86
Station_B,2023-01-12 23:00:00,25.99,75.28,1024.62,13.27
Station_D,2023-01-13 00:00:00,32.15,46.93,996.22,5.58
Station_C,2023-01-13 01:00:00,25.17,78.45,1004.31,6.9
Station_A,2023-01-13 02:00:00,15.35,39.35,1010.63,11.08
Station_A,2023-01-13 03:00:00,34.85,31.33,1013.47,0.16
Station_D,2023-01-13 04:00:00,20.95,65.38,993.6,12.24
Station_D,2023-01-13 05:00:00,28.13,33.15,1007.13,12.19
Station_B,2023-01-13 06:00:00,31.9,51.39,990.86,11.53
Station_C,2023-01-13 07:00:00,19.41,60.29,1010.74,2.43
Station_A,2023-01-13 08:00:00,18.92,67.98,1015.7,5.3
Station_C,2023-01-13 09:00:00,25.14,57.37,994.63,14.95
Station_B,2023-01-13 10:00:00,28.65,56.67,993.4,14.8
Station_B,2023-01-13 11:00:00,20.62,45.61,1006.52,2.22
Station_D,2023-01-13 12:00:00,27.87,55.58,1020.47,8.38
Station_C,2023-01-13 13:00:00,32.87,54.74,1020.63,3.79
Station_B,2023-01-13 14:00:00,25.95,35.5,1002.75,6.81
Station_B,2023-01-13 15:00:00,15.43,70.47,1010.84,12.44
Station_A,2023-01-13 16:00:00,33.15,55.33,999.21,7.54
Station_C,2023-01-13 17:00:00,18.77,64.32,1008.76,6.49
Station_A,2023-01-13 18:00:00,22.94,31.99,1003.48,4.65
Station_C,2023-01-13 19:00:00,34.96,76.03,1020.99,9.21
Station_C,2023-01-13 20:00:00,28.46,54.44,996.05,10.71
Station_C,2023-01-13 21:00:00,24.14,34.51,1001.89,3.45
Station_A,2023-01-13 22:00:00,26.29,71.95,1017.65,5.92
Station_D,2023-01-13 23:00:00,26.92,78.57,1010.83,1.15
Station_B,2023-01-14 00:00:00,33.62,65.33,1018.87,1.29
Station_D,2023-01-14 01:00:00,15.42,44.47,1004.23,7.45
Station_B,2023-01-14 02:00:00,17.91,73.23,1001.17,2.42
Station_D,2023-01-14 03:00:00,21.05,73.03,1014.85,7.2
Station_B,2023-01-14 04:00:00,29.96,89.96,1012.91,13.83
Station_A,2023-01-14 05:00:00,22.53,64.37,991.09,9.1
Station_C,2023-01-14 06:00:00,20.29,80.57,1023.09,11.48
Station_B,2023-01-14 07:00:00,18.59,70.49,994.86,12.03
Station_D,2023-01-14 08:00:00,25.39,89.21,998.74,0.85
Station_C,2023-01-14 09:00:00,15.87,62.41,992.37,8.18
Station_A,2023-01-14 10:00:00,26.56,60.85,995.2,12.24
Station_B,2023-01-14 11:00:00,25.68,35.14,1019.84,9.39
Station_D,2023-01-14 12:00:00,26.4,51.59,1003.93,4.73
Station_B,2023-01-14 13:00:00,26.81,73.87,998.31,3.56
Station_D,2023-01-14 14:00:00,16.85,56.17,1011.82,12.02
Station_B,2023-01-14 15:00:00,25.91,86.84,1012.67,0.1
Station_C,2023-01-14 16:00:00,15.12,46.68,1000.92,11.64
Station_B,2023-01-14 17:00:00,17.39,86.33,1006.65,8.42
Station_C,2023-01-14 18:00:00,25.33,45.13,992.75,10.57
Station_A,2023-01-14 19:00:00,24.66,40.22,1010.78,7.13
Station_C,2023-01-14 20:00:00,32.53,77.1,1004.1,5.68
Station_C,2023-01-14 21:00:00,19.39,50.92,1010.43,10.59
Station_B,2023-01-14 22:00:00,26.04,64.16,1006.8,1.42
Station_A,2023-01-14 23:00:00,30.8,87.43,997.47,5.48
Station_D,2023-01-15 00:00:00,21.83,35.39,1004.57,4.78
Station_C,2023-01-15 01:00:00,18.83,65.02,998.42,8.69
Station_A,2023-01-15 02:00:00,18.27,70.0,1007.62,6.58
Station_B,2023-01-15 03:00:00,16.37,60.04,1010.29,10.18
Station_A,2023-01-15 04:00:00,18.13,64.36,1017.24,4.8
Station_C,2023-01-15 05:00:00,22.68,56.16,1024.01,12.6
Station_C,2023-01-15 06:00:00,27.69,69.66,1003.29,5.02
Station_A,2023-01-15 07:00:00,20.96,80.02,1020.47,5.99
Station_B,2023-01-15 08:00:00,29.36,74.53,992.01,3.76
Station_D,2023-01-15 09:00:00,19.93,37.46,1007.64,7.33
Station_C,2023-01-15 10:00:00,23.06,81.09,996.17,7.31
Station_D,2023-01-15 11:00:00,25.63,59.6,991.54,7.12
Station_A,2023-01-15 12:00:00,34.74,77.37,1005.98,9.14
Station_C,2023-01-15 13:00:00,15.79,77.74,1019.1,10.61
Station_C,2023-01-15 14:00:00,28.65,40.7,993.28,12.83
Station_C,2023-01-15 15:00:00,20.14,79.2,996.5,10.73
Station_A,2023-01-15 16:00:00,31.66,88.29,995.45,10.62
Station_B,2023-01-15 17:00:00,15.11,88.72,1020.98,7.1
Station_B,2023-01-15 18:00:00,24.91,50.57,1019.86,11.96
Station_D,2023-01-15 19:00:00,23.39,69.79,1021.83,0.46
Station_D,2023-01-15 20:00:00,22.11,63.96,995.85,4.07
Station_B,2023-01-15 21:00:00,27.19,82.76,1006.37,9.19
Station_D,2023-01-15 22:00:00,20.36,40.73,1005.68,11.26
Station_C,2023-01-15 23:00:00,26.63,86.64,995.9,0.07
Station_C,2023-01-16 00:00:00,25.54,30.14,1019.86,14.49
Station_D,2023-01-16 01:00:00,32.96,89.78,991.6,8.6
Station_B,2023-01-16 02:00:00,33.42,49.23,1021.78,0.25
Station_A,2023-01-16 03:00:00,18.2,82.02,991.34,5.03
Station_D,2023-01-16 04:00:00,30.53,60.89,996.4,11.63
Station_D,2023-01-16 05:00:00,22.56,37.47,1000.53,8.91
Station_B,2023-01-16 06:00:00,29.54,69.47,1003.64,13.89
Station_D,2023-01-16 07:00:00,18.71,55.08,996.39,3.36
Station_B,2023-01-16 08:00:00,29.82,45.7,1010.77,14.03
Station_D,2023-01-16 09:00:00,28.0,67.93,1023.29,8.0
Station_D,2023-01-16 10:00:00,26.77,35.68,1003.77,3.88
Station_D,2023-01-16 11:00:00,19.79,63.18,1002.12,4.36
Station_B,2023-01-16 12:00:00,18.31,52.18,1008.82,9.11
Station_B,2023-01-16 13:00:00,33.14,83.8,1015.1,7.04
Station_D,2023-01-16 14:00:00,22.53,46.01,1005.58,3.19
Station_C,2023-01-16 15:00:00,33.96,45.44,1015.84,9.24
Station_B,2023-01-16 16:00:00,29.03,82.11,993.69,4.85
Station_B,2023-01-16 17:00:00,21.81,81.99,1016.91,13.58
Station_A,2023-01-16 18:00:00,27.56,65.52,1004.45,0.82
Station_C,2023-01-16 19:00:00,25.33,40.55,1001.2,9.83
Station_A,2023-01-16 20:00:00,34.65,46.62,1015.33,9.92
Station_D,2023-01-16 21:00:00,34.16,80.33,1021.55,14.21
Station_C,2023-01-16 22:00:00,31.11,88.2,1013.45,10.55
Station_B,2023-01-16 23:00:00,18.93,30.78,1001.13,14.78
Station_D,2023-01-17 00:00:00,22.15,60.56,999.8,7.12
Station_C,2023-01-17 01:00:00,19.03,62.92,1007.96,12.01
Station_A,2023-01-17 02:00:00,30.98,69.97,1000.77,8.66
Station_C,2023-01-17 03:00:00,33.97,68.42,1023.45,5.95
Station_D,2023-01-17 04:00:00,33.8,76.8,1016.48,3.38
Station_D,2023-01-17 05:00:00,32.14,55.52,1014.72,3.71
Station_D,2023-01-17 06:00:00,21.73,73.9,1000.61,10.11
Station_A,2023-01-17 07:00:00,32.87,71.06,1012.45,4.44
Station_A,2023-01-17 08:00:00,28.92,42.03,1008.39,6.91
Station_C,2023-01-17 09:00:00,31.63,82.71,1006.18,9.87
Station_B,2023-01-17 10:00:00,26.06,73.62,1020.15,0.4
Station_B,2023-01-17 11:00:00,18.17,56.77,991.06,10.46
Station_B,2023-01-17 12:00:00,33.1,74.44,1010.62,10.52
Station_D,2023-01-17 13:00:00,16.46,49.11,1008.77,11.78
Station_C,2023-01-17 14:00:00,33.83,61.55,1012.48,10.9
Station_C,2023-01-17 15:00:00,33.12,61.13,1001.64,13.08
Station_D,2023-01-17 16:00:00,22.45,61.46,1022.59,3.14
Station_A,2023-01-17 17:00:00,21.24,72.8,1021.43,10.6
Station_B,2023-01-17 18:00:00,18.71,44.5,1006.18,9.79
Station_B,2023-01-17 19:00:00,27.1,58.38,1016.19,0.04
Station_B,2023-01-17 20:00:00,29.73,86.75,1004.81,11.5
Station_D,2023-01-17 21:00:00,27.67,65.88,1010.51,6.81
Station_C,2023-01-17 22:00:00,29.25,66.68,1011.27,0.07
Station_B,2023-01-17 23:00:00,19.67,85.89,1022.99,12.88
Station_C,2023-01-18 00:00:00,27.77,55.57,1008.45,6.57
Station_B,2023-01-18 01:00:00,30.93,89.21,1021.6,7.48
Station_D,2023-01-18 02:00:00,23.79,66.09,1007.05,10.69
Station_C,2023-01-18 03:00:00,22.77,40.46,993.14,13.3
Station_B,2023-01-18 04:00:00,17.28,36.99,1008.48,1.59
Station_D,2023-01-18 05:00:00,34.45,69.43,1014.47,6.31
Station_B,2023-01-18 06:00:00,17.28,77.67,1006.38,2.99
Station_D,2023-01-18 07:00:00,17.33,38.33,1013.93,3.33
Station_D,2023-01-18 08:00:00,26.47,56.52,1010.84,9.56
Station_B,2023-01-18 09:00:00,34.35,32.56,991.07,6.41
Station_D,2023-01-18 10:00:00,19.54,38.79,994.71,11.76
Station_C,2023-01-18 11:00:00,20.35,39.5,1020.11,7.65
Station_B,2023-01-18 12:00:00,18.12,34.86,1004.11,9.55
Station_B,2023-01-18 13:00:00,30.16,68.73,1012.05,13.15
Station_B,2023-01-18 14:00:00,30.82,65.23,1019.05,7.23
Station_C,2023-01-18 15:00:00,18.71,43.08,999.95,3.68
Station_A,2023-01-18 16:00:00,21.38,80.69,1004.06,9.4
Station_C,2023-01-18 17:00:00,15.37,63.14,994.49,3.56
Station_C,2023-01-18 18:00:00,25.51,82.15,994.32,9.74
Station_D,2023-01-18 19:00:00,28.32,82.19,1012.38,4.68
Station_D,2023-01-18 20:00:00,20.29,34.4,996.85,1.69
Station_C,2023-01-18 21:00:00,31.22,75.99,1004.84,5.39
Station_B,2023-01-18 22:00:00,15.51,64.14,1012.12,10.17
Station_B,2023-01-18 23:00:00,23.91,35.58,1011.15,12.07
Station_A,2023-01-19 00:00:00,31.23,50.11,1017.18,7.04
Station_A,2023-01-19 01:00:00,21.48,30.02,1019.86,2.58
Station_C,2023-01-19 02:00:00,25.89,48.93,1019.39,3.68
Station_C,2023-01-19 03:00:00,22.64,33.4,991.67,12.96
Station_B,2023-01-19 04:00:00,28.37,82.82,1017.16,13.2
Station_B,2023-01-19 05:00:00,26.67,36.66,1020.39,6.3
Station_C,2023-01-19 06:00:00,20.6,84.57,1006.4,8.43
Station_C,2023-01-19 07:00:00,27.49,59.89,1000.69,9.53
Station_B,2023-01-19 08:00:00,21.05,77.53,1021.01,12.86
Station_A,2023-01-19 09:00:00,31.89,71.17,1017.8,11.2
Station_D,2023-01-19 10:00:00,19.03,72.07,992.94,2.4
Station_A,2023-01-19 11:00:00,26.62,53.99,999.48,9.97
Station_B,2023-01-19 12:00:00,24.15,56.29,992.3,1.34
Station_C,2023-01-19 13:00:00,15.94,40.91,997.78,10.88
Station_D,2023-01-19 14:00:00,16.45,56.97,1007.67,9.38
Station_B,2023-01-19 15:00:00,21.41,72.94,991.37,7.54
Station_D,2023-01-19 16:00:00,20.02,85.04,1013.36,1.28
Station_B,2023-01-19 17:00:00,17.44,66.39,1000.51,11.2
Station_A,2023-01-19 18:00:00,34.05,60.42,1003.32,2.39
Station_A,2023-01-19 19:00:00,25.05,81.41,990.84,2.95
Station_C,2023-01-19 20:00:00,27.49,52.37,1007.92,1.7
Station_A,2023-01-19 21:00:00,30.2,32.8,1019.94,12.22
Station_C,2023-01-19 22:00:00,27.89,32.34,991.79,3.46
Station_C,2023-01-19 23:00:00,22.92,40.46,1010.26,12.73
Station_D,2023-01-20 00:00:00,18.76,62.27,1003.14,14.95
Station_B,2023-01-20 01:00:00,31.36,62.94,1023.33,11.14
Station_B,2023-01-20 02:00:00,33.7,78.78,1024.78,2.8
Station_A,2023-01-20 03:00:00,18.15,77.47,994.4,6.07
Station_D,2023-01-20 04:00:00,26.48,53.53,1008.13,12.2
Station_D,2023-01-20 05:00:00,29.62,61.84,1021.18,3.41
Station_A,2023-01-20 06:00:00,26.61,57.37,990.79,1.01
Station_B,2023-01-20 07:00:00,24.17,32.09,1024.66,13.75
Station_B,2023-01-20 08:00:00,22.55,44.97,1013.83,3.11
Station_A,2023-01-20 09:00:00,15.1,70.68,1021.8,11.69
Station_C,2023-01-20 10:00:00,18.96,41.9,1011.87,5.82
Station_A,2023-01-20 11:00:00,31.39,45.83,1005.31,6.16
Station_D,2023-01-20 12:00:00,30.16,30.32,1005.54,4.06
Station_A,2023-01-20 13:00:00,15.21,49.62,1017.29,0.84
Station_C,2023-01-20 14:00:00,22.21,50.39,1021.82,14.58
Station_A,2023-01-20 15:00:00,30.66,63.78,995.07,11.2
Station_D,2023-01-20 16:00:00,26.89,82.93,991.32,7.64
Station_C,2023-01-20 17:00:00,22.47,33.05,993.71,1.6
Station_D,2023-01-20 18:00:00,18.32,30.29,1014.89,7.9
Station_C,2023-01-20 19:00:00,29.28,43.53,995.79,12.16
Station_D,2023-01-20 20:00:00,27.28,62.67,1006.97,1.78
Station_B,2023-01-20 21:00:00,26.24,55.76,1024.84,4.1
Station_B,2023-01-20 22:00:00,32.55,84.28,1005.65,13.3
Station_B,2023-01-20 23:00:00,25.85,36.23,1008.18,6.06
Station_C,2023-01-21 00:00:00,20.27,65.54,1003.23,14.4
Station_B,2023-01-21 01:00:00,29.47,71.91,1005.97,12.81
Station_A,2023-01-21 02:00:00,32.56,81.32,1000.34,10.19
Station_B,2023-01-21 03:00:00,28.55,49.38,993.92,14.59
Station_D,2023-01-21 04:00:00,29.7,55.19,997.71,3.21
Station_B,2023-01-21 05:00:00,21.56,44.58,1002.01,4.51
Station_B,2023-01-21 06:00:00,21.57,38.97,1001.23,8.44
Station_A,2023-01-21 07:00:00,29.53,71.28,1012.32,7.61
Station_A,2023-01-21 08:00:00,20.09,70.81,991.75,8.69
Station_C,2023-01-21 09:00:00,17.53,59.73,1020.94,6.67
Station_B,2023-01-21 10:00:00,20.09,63.52,1010.53,2.22
Station_C,2023-01-21 11:00:00,33.73,30.51,995.92,2.14
Station_B,2023-01-21 12:00:00,34.69,64.25,993.15,2.46
Station_D,2023-01-21 13:00:00,26.58,52.42,1016.06,2.84
Station_D,2023-01-21 14:00:00,21.41,54.54,1016.36,5.86
Station_C,2023-01-21 15:00:00,23.52,35.77,1018.09,12.67
Station_D,2023-01-21 16:00:00,21.43,59.08,1020.36,13.91
Station_C,2023-01-21 17:00:00,33.51,31.69,1006.54,5.25
Station_B,2023-01-21 18:00:00,21.22,50.91,1009.44,9.22
Station_A,2023-01-21 19:00:00,24.27,40.53,1007.5,11.58
Station_C,2023-01-21 20:00:00,18.84,45.87,1001.04,13.98
Station_D,2023-01-21 21:00:00,29.99,49.98,1013.36,13.81
Station_B,2023-01-21 22:00:00,17.44,36.72,1012.7,13.23
Station_A,2023-01-21 23:00:00,16.56,32.14,998.83,2.54
Station_C,2023-01-22 00:00:00,31.39,49.59,1003.06,6.43
Station_D,2023-01-22 01:00:00,34.23,87.5,991.98,3.86
Station_D,2023-01-22 02:00:00,23.71,54.03,997.62,6.05
Station_C,2023-01-22 03:00:00,32.53,60.23,1005.94,5.15
Station_B,2023-01-22 04:00:00,26.78,54.85,1001.74,7.55
Station_C,2023-01-22 05:00:00,16.97,51.25,993.29,3.9
Station_D,2023-01-22 06:00:00,19.01,52.73,1007.48,3.92
Station_C,2023-01-22 07:00:00,24.9,83.87,1001.23,12.79
Station_A,2023-01-22 08:00:00,25.84,74.1,1021.62,13.96
Station_A,2023-01-22 09:00:00,16.71,58.79,1001.45,12.26
Station_B,2023-01-22 10:00:00,30.55,34.83,999.0,12.81
Station_A,2023-01-22 11:00:00,24.67,71.92,1000.62,2.18
Station_C,2023-01-22 12:00:00,15.82,60.94,1001.18,12.98
Station_A,2023-01-22 13:00:00,15.77,58.54,1000.13,4.63
Station_A,2023-01-22 14:00:00,29.7,35.1,1015.25,3.25
Station_D,2023-01-22 15:00:00,20.88,63.94,1014.95,10.24
Station_C,2023-01-22 16:00:00,24.73,42.29,1019.19,1.75
Station_D,2023-01-22 17:00:00,15.45,68.4,1000.33,9.69
Station_A,2023-01-22 18:00:00,32.86,85.31,1020.15,4.88
Station_C,2023-01-22 19:00:00,25.64,47.12,1012.56,14.57
Station_C,2023-01-22 20:00:00,24.39,45.28,997.93,12.2
Station_A,2023-01-22 21:00:00,19.86,62.05,991.87,11.23
Station_B,2023-01-22 22:00:00,22.18,64.28,1005.37,12.72
Station_A,2023-01-22 23:00:00,31.15,75.29,999.59,8.4
Station_D,2023-01-23 00:00:00,22.5,50.41,1020.02,4.84
Station_C,2023-01-23 01:00:00,20.04,87.03,1014.55,12.15
Station_B,2023-01-23 02:00:00,17.53,75.12,1009.71,3.17
Station_D,2023-01-23 03:00:00,31.09,37.75,993.44,8.76
Station_B,2023-01-23 04:00:00,33.69,47.43,1005.49,13.2
Station_C,2023-01-23 05:00:00,30.44,38.75,1016.72,13.9
Station_D,2023-01-23 06:00:00,28.51,62.28,991.01,4.72
Station_B,2023-01-23 07:00:00,26.04,85.88,1010.08,3.13
Station_C,2023-01-23 08:00:00,23.31,85.4,1019.96,10.77
Station_A,2023-01-23 09:00:00,34.9,89.52,995.59,14.24
Station_D,2023-01-23 10:00:00,21.42,51.14,1004.33,2.75
Station_B,2023-01-23 11:00:00,33.44,51.73,998.86,13.94
Station_C,2023-01-23 12:00:00,17.48,57.4,1004.0,14.81
Station_B,2023-01-23 13:00:00,34.21,80.43,999.8,10.59
Station_A,2023-01-23 14:00:00,23.03,70.33,1012.57,8.25
Station_A,2023-01-23 15:00:00,18.46,86.92,1018.23,11.9
Station_D,2023-01-23 16:00:00,15.77,54.59,1006.63,11.08
Station_A,2023-01-23 17:00:00,15.59,46.5,1001.75,14.77
Station_B,2023-01-23 18:00:00,33.29,68.66,1007.38,13.61
Station_D,2023-01-23 19:00:00,31.52,48.55,1021.41,2.47
Station_D,2023-01-23 20:00:00,34.36,69.71,1009.25,14.02
Station_A,2023-01-23 21:00:00,18.01,45.89,992.79,13.01
Station_C,2023-01-23 22:00:00,26.91,69.32,993.43,6.59
Station_C,2023-01-23 23:00:00,25.01,49.98,1024.43,1.57
Station_A,2023-01-24 00:00:00,22.69,62.43,1024.37,2.91
Station_A,2023-01-24 01:00:00,30.32,58.31,1007.79,1.97
Station_C,2023-01-24 02:00:00,27.17,58.06,1002.87,0.41
Station_D,2023-01-24 03:00:00,32.13,56.65,1008.99,14.48
Station_D,2023-01-24 04:00:00,18.6,69.62,993.47,7.24
Station_A,2023-01-24 05:00:00,28.33,39.93,1021.75,9.32
Station_B,2023-01-24 06:00:00,30.82,87.34,1003.02,13.25
Station_A,2023-01-24 07:00:00,28.25,58.71,1019.37,5.04
Station_C,2023-01-24 08:00:00,31.57,71.61,1005.41,12.8
Station_B,2023-01-24 09:00:00,18.99,39.16,1015.83,7.05
Station_C,2023-01-24 10:00:00,22.97,60.45,1002.47,1.02
Station_A,2023-01-24 11:00:00,34.62,80.09,991.2,14.69
Station_D,2023-01-24 12:00:00,25.98,77.37,998.16,5.48
Station_A,2023-01-24 13:00:00,31.58,89.55,1024.26,12.45
Station_A,2023-01-24 14:00:00,25.75,74.33,1020.27,3.23
Station_A,2023-01-24 15:00:00,22.72,54.3,1012.71,8.36
Station_A,2023-01-24 16:00:00,32.35,67.26,1000.36,13.43
Station_D,2023-01-24 17:00:00,29.62,33.15,1002.3,2.62
Station_A,2023-01-24 18:00:00,16.93,72.75,1014.61,13.95
Station_C,2023-01-24 19:00:00,22.38,50.45,1022.97,0.34
Station_A,2023-01-24 20:00:00,28.37,79.59,1005.16,0.41
Station_C,2023-01-24 21:00:00,26.15,49.18,1008.55,8.23
Station_D,2023-01-24 22:00:00,31.34,86.45,1005.75,0.68
Station_D,2023-01-24 23:00:00,16.34,89.75,1021.53,10.7
Station_D,2023-01-25 00:00:00,19.22,32.03,1022.05,1.89
Station_A,2023-01-25 01:00:00,22.42,57.86,1005.94,4.66
Station_B,2023-01-25 02:00:00,26.79,35.1,997.82,7.79
Station_B,2023-01-25 03:00:00,27.66,87.59,996.14,4.85
Station_D,2023-01-25 04:00:00,21.51,61.3,1024.01,4.07
Station_B,2023-01-25 05:00:00,24.29,40.19,1000.0,12.32
Station_A,2023-01-25 06:00:00,16.3,34.48,991.56,12.11
Station_D,2023-01-25 07:00:00,26.82,73.27,998.3,3.77
Station_A,2023-01-25 08:00:00,26.93,38.14,1016.75,2.6
Station_C,2023-01-25 09:00:00,16.73,47.91,996.7,11.72
Station_A,2023-01-25 10:00:00,33.76,57.41,997.37,4.77
Station_A,2023-01-25 11:00:00,18.16,33.68,991.9,8.61
Station_B,2023-01-25 12:00:00,20.59,66.88,1016.0,4.14
Station_A,2023-01-25 13:00:00,17.06,32.11,1015.67,12.76
Station_B,2023-01-25 14:00:00,25.22,88.74,994.71,14.78
Station_A,2023-01-25 15:00:00,20.62,30.27,1024.57,9.6
Station_C,2023-01-25 16:00:00,20.93,37.83,1007.8,7.37
Station_D,2023-01-25 17:00:00,21.07,76.27,1020.94,11.93
Station_D,2023-01-25 18:00:00,29.27,45.68,999.15,5.99
Station_A,2023-01-25 19:00:00,28.21,88.38,995.85,3.51
Station_A,2023-01-25 20:00:00,15.35,67.9,1013.47,4.63
Station_C,2023-01-25 21:00:00,18.63,30.24,1006.73,8.76
Station_B,2023-01-25 22:00:00,24.35,64.49,1016.45,2.49
Station_A,2023-01-25 23:00:00,30.86,39.15,1008.17,13.89
Station_C,2023-01-26 00:00:00,26.0,41.05,1001.41,8.98
Station_C,2023-01-26 01:00:00,26.35,80.36,994.78,1.63
Station_C,2023-01-26 02:00:00,29.12,89.39,991.06,14.64
Station_D,2023-01-26 03:00:00,27.29,52.15,1016.79,11.92
Station_C,2023-01-26 04:00:00,25.32,75.28,1006.17,4.66
Station_B,2023-01-26 05:00:00,18.59,60.81,1015.69,7.43
Station_C,2023-01-26 06:00:00,15.82,89.01,993.48,1.97
Station_B,2023-01-26 07:00:00,28.23,31.51,1022.46,12.31
Station_B,2023-01-26 08:00:00,30.16,74.18,1016.18,3.98
Station_D,2023-01-26 09:00:00,15.26,84.27,1007.87,0.98
Station_D,2023-01-26 10:00:00,21.81,88.11,999.96,0.88
Station_B,2023-01-26 11:00:00,19.57,41.24,995.09,13.41
Station_D,2023-01-26 12:00:00,32.82,40.07,1017.48,9.78
Station_B,2023-01-26 13:00:00,25.26,75.78,1023.45,9.7
Station_C,2023-01-26 14:00:00,21.59,52.65,1015.81,11.92
Station_B,2023-01-26 15:00:00,34.24,37.14,998.21,14.47
Station_B,2023-01-26 16:00:00,26.62,65.72,1017.26,8.1
Station_C,2023-01-26 17:00:00,20.47,71.42,1006.18,2.14
Station_A,2023-01-26 18:00:00,29.42,45.13,1008.07,2.76
Station_A,2023-01-26 19:00:00,28.31,43.7,999.67,5.28
Station_B,2023-01-26 20:00:00,17.85,32.15,996.23,6.3
Station_D,2023-01-26 21:00:00,34.21,75.26,996.55,1.34
Station_B,2023-01-26 22:00:00,32.43,80.7,1023.23,13.47
Station_C,2023-01-26 23:00:00,27.69,83.08,1015.48,14.39
Station_B,2023-01-27 00:00:00,16.29,67.9,995.67,4.47
Station_C,2023-01-27 01:00:00,29.42,77.52,1009.73,10.56
Station_A,2023-01-27 02:00:00,30.75,63.26,1020.94,14.45
Station_B,2023-01-27 03:00:00,19.52,83.29,1023.73,13.17
Station_A,2023-01-27 04:00:00,20.53,34.51,1003.57,4.78
Station_A,2023-01-27 05:00:00,29.78,63.36,1016.0,1.43
Station_C,2023-01-27 06:00:00,17.6,74.74,1017.9,13.44
Station_B,2023-01-27 07:00:00,24.82,39.01,1013.93,8.19
Station_A,2023-01-27 08:00:00,30.81,42.18,1007.67,3.18
Station_B,2023-01-27 09:00:00,28.27,80.94,1000.92,1.75
Station_B,2023-01-27 10:00:00,29.21,44.64,993.59,2.06
Station_C,2023-01-27 11:00:00,32.11,62.01,1008.25,0.16
Station_C,2023-01-27 12:00:00,31.6,44.26,1011.94,9.75
Station_B,2023-01-27 13:00:00,20.22,73.53,1017.36,11.81
Station_B,2023-01-27 14:00:00,16.65,57.67,1013.82,10.92
Station_A,2023-01-27 15:00:00,29.17,55.52,995.43,12.8
Station_A,2023-01-27 16:00:00,19.79,46.5,994.07,14.35
Station_A,2023-01-27 17:00:00,27.25,31.65,1011.16,4.9
Station_C,2023-01-27 18:00:00,19.43,88.42,1014.86,13.65
Station_B,2023-01-27 19:00:00,25.27,50.99,995.98,14.15
Station_C,2023-01-27 20:00:00,30.9,70.19,1014.17,13.6
Station_C,2023-01-27 21:00:00,34.78,34.54,998.93,9.36
Station_A,2023-01-27 22:00:00,27.46,75.33,998.37,7.86
Station_A,2023-01-27 23:00:00,29.42,56.74,1016.76,3.48
Station_A,2023-01-28 00:00:00,27.83,44.67,1002.0,4.51
Station_B,2023-01-28 01:00:00,32.77,33.55,1021.54,10.79
Station_C,2023-01-28 02:00:00,24.87,87.52,991.47,11.87
Station_C,2023-01-28 03:00:00,18.9,78.79,1005.07,8.11
Station_C,2023-01-28 04:00:00,26.54,61.48,1017.55,2.71
Station_C,2023-01-28 05:00:00,30.19,83.45,1007.04,13.44
Station_A,2023-01-28 06:00:00,21.43,48.98,996.36,3.32
Station_C,2023-01-28 07:00:00,20.04,88.73,999.45,11.07
Station_B,2023-01-28 08:00:00,30.31,60.56,994.04,9.44
Station_B,2023-01-28 09:00:00,33.72,84.03,998.23,1.06
Station_A,2023-01-28 10:00:00,17.46,81.54,1006.46,5.74
Station_D,2023-01-28 11:00:00,18.46,54.96,1015.38,8.84
Station_B,2023-01-28 12:00:00,22.1,85.21,1002.64,8.52
Station_A,2023-01-28 13:00:00,32.22,74.72,1024.0,9.67
Station_D,2023-01-28 14:00:00,29.77,31.9,996.35,6.89
Station_D,2023-01-28 15:00:00,28.09,53.54,997.42,1.69
Station_A,2023-01-28 16:00:00,32.03,39.31,997.84,14.65
Station_D,2023-01-28 17:00:00,25.92,49.24,991.83,4.53
Station_C,2023-01-28 18:00:00,19.11,62.42,1016.21,3.23
Station_B,2023-01-28 19:00:00,16.33,55.53,1020.44,8.69
Station_B,2023-01-28 20:00:00,31.27,31.18,1011.58,13.08
Station_A,2023-01-28 21:00:00,27.78,82.93,993.66,9.65
Station_A,2023-01-28 22:00:00,27.95,54.58,1007.76,2.5
Station_C,2023-01-28 23:00:00,21.08,52.76,1004.24,9.36
Station_C,2023-01-29 00:00:00,27.67,65.26,1003.52,14.97
Station_C,2023-01-29 01:00:00,29.56,42.11,1012.08,14.18
Station_D,2023-01-29 02:00:00,16.2,31.77,1009.26,3.35
Station_B,2023-01-29 03:00:00,31.79,59.2,1012.99,5.03
Station_A,2023-01-29 04:00:00,19.54,52.65,991.29,0.69
Station_B,2023-01-29 05:00:00,21.65,63.2,1007.65,0.03
Station_C,2023-01-29 06:00:00,19.14,58.92,1001.14,3.7
Station_B,2023-01-29 07:00:00,22.1,36.31,1024.48,5.4
Station_B,2023-01-29 08:00:00,17.53,65.2,1011.18,2.88
Station_C,2023-01-29 09:00:00,30.8,63.23,1006.23,4.76
Station_A,2023-01-29 10:00:00,27.18,45.48,1004.69,6.97
Station_A,2023-01-29 11:00:00,20.23,69.51,1024.26,14.37
Station_B,2023-01-29 12:00:00,20.66,61.8,1016.47,3.99
Station_D,2023-01-29 13:00:00,22.26,78.17,1020.8,7.75
Station_B,2023-01-29 14:00:00,29.29,63.51,1009.93,4.63
Station_D,2023-01-29 15:00:00,32.0,42.17,997.49,7.14
Station_B,2023-01-29 16:00:00,21.3,83.63,1024.98,2.57
Station_C,2023-01-29 17:00:00,17.75,52.4,1004.09,14.24
Station_C,2023-01-29 18:00:00,18.48,49.73,990.41,3.89
Station_C,2023-01-29 19:00:00,22.06,58.11,994.72,14.84
Station_B,2023-01-29 20:00:00,16.66,77.99,1005.07,9.57
Station_A,2023-01-29 21:00:00,34.78,74.26,990.01,2.49
Station_D,2023-01-29 22:00:00,30.56,45.87,1020.57,6.14
Station_B,2023-01-29 23:00:00,32.19,64.06,992.34,7.66
Station_A,2023-01-30 00:00:00,16.74,45.99,1003.15,2.06
Station_A,2023-01-30 01:00:00,23.47,46.47,991.29,5.25
Station_B,2023-01-30 02:00:00,24.3,50.47,1012.77,12.43
Station_D,2023-01-30 03:00:00,19.6,72.06,1011.88,2.81
Station_A,2023-01-30 04:00:00,21.58,46.24,1023.44,1.25
Station_D,2023-01-30 05:00:00,25.0,82.86,997.51,10.55
Station_B,2023-01-30 06:00:00,31.67,42.02,1022.93,0.59
Station_A,2023-01-30 07:00:00,15.23,60.41,1023.66,0.99
Station_D,2023-01-30 08:00:00,23.24,63.79,1013.18,5.21
Station_D,2023-01-30 09:00:00,32.18,33.66,1012.33,9.59
Station_D,2023-01-30 10:00:00,30.32,72.33,994.16,14.44
Station_B,2023-01-30 11:00:00,26.01,56.45,1013.08,0.6
Station_A,2023-01-30 12:00:00,28.05,67.23,1015.29,11.44
Station_D,2023-01-30 13:00:00,16.49,84.08,1022.49,9.94
Station_C,2023-01-30 14:00:00,18.77,89.48,992.52,9.26
Station_A,2023-01-30 15:00:00,32.55,49.1,990.09,10.76
Station_C,2023-01-30 16:00:00,29.73,89.56,996.27,6.6
Station_B,2023-01-30 17:00:00,31.92,80.54,990.79,11.12
Station_B,2023-01-30 18:00:00,18.82,79.4,1022.91,10.96
Station_B,2023-01-30 19:00:00,26.99,36.49,1012.45,7.86
Station_B,2023-01-30 20:00:00,34.11,73.56,1012.37,2.79
Station_D,2023-01-30 21:00:00,15.73,58.12,1011.17,8.88
Station_D,2023-01-30 22:00:00,17.83,86.83,1020.93,7.64
Station_C,2023-01-30 23:00:00,17.07,67.08,996.48,7.98
Station_D,2023-01-31 00:00:00,17.17,49.71,1021.28,8.17
Station_C,2023-01-31 01:00:00,22.29,53.84,991.59,1.23
Station_A,2023-01-31 02:00:00,32.05,31.52,1023.75,3.41
Station_D,2023-01-31 03:00:00,22.97,80.83,1001.3,5.83
Station_A,2023-01-31 04:00:00,23.87,34.57,1022.42,1.41
Station_D,2023-01-31 05:00:00,20.84,69.94,1012.0,4.12
Station_C,2023-01-31 06:00:00,27.52,89.04,1018.74,13.38
Station_C,2023-01-31 07:00:00,29.59,43.43,1002.04,4.2
Station_A,2023-01-31 08:00:00,25.24,83.25,1014.01,1.97
Station_B,2023-01-31 09:00:00,33.83,49.84,1018.21,2.51
Station_D,2023-01-31 10:00:00,26.26,75.69,1004.23,1.81
Station_B,2023-01-31 11:00:00,20.31,89.37,991.92,7.31
Station_B,2023-01-31 12:00:00,29.79,49.75,991.97,1.75
Station_A,2023-01-31 13:00:00,24.66,31.74,1009.32,6.59
Station_A,2023-01-31 14:00:00,28.6,68.99,1021.85,4.8
Station_D,2023-01-31 15:00:00,22.42,48.8,992.29,5.03
Station_B,2023-01-31 16:00:00,28.16,48.82,1007.36,5.18
Station_A,2023-01-31 17:00:00,27.92,43.18,999.22,3.51
Station_C,2023-01-31 18:00:00,16.84,39.39,1009.62,6.46
Station_A,2023-01-31 19:00:00,20.86,49.18,1023.96,12.68
Station_C,2023-01-31 20:00:00,19.78,30.73,996.49,10.87
Station_D,2023-01-31 21:00:00,17.01,87.94,1024.18,4.97
Station_D,2023-01-31 22:00:00,17.05,64.18,1010.54,1.08
Station_B,2023-01-31 23:00:00,25.15,33.51,1013.14,6.08
Station_B,2023-02-01 00:00:00,21.64,40.29,1016.25,0.65
Station_A,2023-02-01 01:00:00,23.81,75.49,992.09,11.51
Station_C,2023-02-01 02:00:00,17.35,32.4,1004.65,2.1
Station_D,2023-02-01 03:00:00,26.05,80.25,1012.72,8.16
Station_C,2023-02-01 04:00:00,23.46,75.31,999.29,6.77
Station_A,2023-02-01 05:00:00,27.81,45.5,1020.19,14.12
Station_A,2023-02-01 06:00:00,16.63,79.31,999.39,5.09
Station_D,2023-02-01 07:00:00,20.72,36.42,1013.08,13.65
Station_D,2023-02-01 08:00:00,33.01,37.52,1004.05,10.41
Station_C,2023-02-01 09:00:00,28.69,48.56,1000.19,11.55
Station_B,2023-02-01 10:00:00,17.51,40.06,1011.61,7.54
Station_C,2023-02-01 11:00:00,16.27,49.65,1025.0,8.03
Station_C,2023-02-01 12:00:00,29.71,89.86,992.24,2.77
Station_D,2023-02-01 13:00:00,29.18,46.18,1024.84,4.33
Station_B,2023-02-01 14:00:00,32.43,41.15,1010.64,3.37
Station_D,2023-02-01 15:00:00,29.11,40.46,1019.37,7.47
Station_B,2023-02-01 16:00:00,24.83,58.86,1018.64,4.81
Station_C,2023-02-01 17:00:00,21.56,42.75,990.14,0.81
Station_D,2023-02-01 18:00:00,34.87,84.9,1014.28,5.66
Station_C,2023-02-01 19:00:00,26.89,33.92,1009.05,1.89
Station_D,2023-02-01 20:00:00,24.12,36.6,1004.36,1.81
Station_B,2023-02-01 21:00:00,28.08,47.94,1021.48,3.71
Station_D,2023-02-01 22:00:00,16.15,41.95,994.01,10.89
Station_C,2023-02-01 23:00:00,25.23,33.05,1019.63,11.49
Station_A,2023-02-02 00:00:00,18.72,42.98,1020.97,11.57
Station_B,2023-02-02 01:00:00,24.03,43.75,1008.83,8.38
Station_A,2023-02-02 02:00:00,31.71,47.43,990.86,14.39
Station_C,2023-02-02 03:00:00,17.89,56.39,1024.5,6.5
Station_A,2023-02-02 04:00:00,31.95,84.9,991.82,11.23
Station_D,2023-02-02 05:00:00,17.97,71.74,1003.46,9.25
Station_C,2023-02-02 06:00:00,17.97,88.67,1023.04,11.93
Station_A,2023-02-02 07:00:00,28.98,68.15,992.6,1.38
Station_D,2023-02-02 08:00:00,21.27,85.94,1003.83,11.6
Station_A,2023-02-02 09:00:00,23.46,30.27,999.49,6.66
Station_B,2023-02-02 10:00:00,19.25,86.08,1010.8,13.25
Station_A,2023-02-02 11:00:00,20.33,70.32,991.43,6.07
Station_D,2023-02-02 12:00:00,23.14,60.03,1019.56,8.63
Station_D,2023-02-02 13:00:00,25.64,52.39,1011.57,6.26
Station_A,2023-02-02 14:00:00,21.61,63.68,994.29,8.53
Station_C,2023-02-02 15:00:00,17.06,31.65,1020.82,10.19
Station_C,2023-02-02 16:00:00,32.09,59.79,1011.28,6.89
Station_A,2023-02-02 17:00:00,25.24,30.42,1000.24,8.27
Station_D,2023-02-02 18:00:00,33.93,80.83,1024.19,12.62
Station_A,2023-02-02 19:00:00,16.93,62.62,1005.99,4.37
Station_D,2023-02-02 20:00:00,34.23,33.74,993.68,3.71
Station_B,2023-02-02 21:00:00,15.86,33.45,998.35,3.49
Station_A,2023-02-02 22:00:00,20.86,84.63,996.11,14.16
Station_A,2023-02-02 23:00:00,29.72,34.72,1000.54,0.87
Station_A,2023-02-03 00:00:00,30.06,40.17,993.77,12.96
Station_A,2023-02-03 01:00:00,33.08,51.15,992.02,5.54
Station_C,2023-02-03 02:00:00,32.77,35.19,1010.9,0.72
Station_A,2023-02-03 03:00:00,27.48,53.85,1009.61,11.67
Station_C,2023-02-03 04:00:00,29.24,66.96,990.77,11.06
Station_A,2023-02-03 05:00:00,17.42,36.96,1004.4,7.93
Station_B,2023-02-03 06:00:00,33.2,65.51,1024.18,12.99
Station_C,2023-02-03 07:00:00,22.67,35.52,1010.93,9.77
Station_D,2023-02-03 08:00:00,34.61,46.83,1011.32,6.8
Station_A,2023-02-03 09:00:00,30.69,69.49,1022.11,13.34
Station_A,2023-02-03 10:00:00,29.18,84.42,1005.33,12.09
Station_C,2023-02-03 11:00:00,16.38,31.98,1015.53,0.33
Station_D,2023-02-03 12:00:00,34.63,82.53,993.71,10.29
Station_D,2023-02-03 13:00:00,30.21,83.68,1004.36,8.92
Station_C,2023-02-03 14:00:00,21.73,30.05,992.48,11.07
Station_A,2023-02-03 15:00:00,30.16,79.1,995.67,9.09
Station_A,2023-02-03 16:00:00,15.93,68.91,1003.43,8.07
Station_B,2023-02-03 17:00:00,20.41,72.81,1010.79,8.74
Station_B,2023-02-03 18:00:00,31.51,44.61,1011.08,12.92
Station_C,2023-02-03 19:00:00,19.46,43.64,996.32,1.46
Station_B,2023-02-03 20:00:00,19.91,35.6,1019.43,5.58
Station_D,2023-02-03 21:00:00,23.47,52.74,1014.19,7.59
Station_D,2023-02-03 22:00:00,28.15,50.11,991.91,6.22
Station_B,2023-02-03 23:00:00,33.72,84.87,1014.15,7.6
Station_A,2023-02-04 00:00:00,27.06,77.97,1006.54,11.7
Station_D,2023-02-04 01:00:00,29.63,44.03,1013.84,6.42
Station_B,2023-02-04 02:00:00,32.28,63.93,1007.15,12.19
Station_D,2023-02-04 03:00:00,20.25,61.61,1005.82,0.46
Station_D,2023-02-04 04:00:00,17.15,30.61,990.99,9.56
Station_C,2023-02-04 05:00:00,20.62,53.63,1011.63,6.18
Station_D,2023-02-04 06:00:00,29.23,32.09,1019.05,5.47
Station_B,2023-02-04 07:00:00,21.48,49.09,1018.82,12.43
Station_D,2023-02-04 08:00:00,18.36,49.09,998.43,2.2
Station_D,2023-02-04 09:00:00,31.14,50.3,993.25,13.06
Station_C,2023-02-04 10:00:00,34.15,86.32,1007.92,2.07
Station_B,2023-02-04 11:00:00,18.52,62.88,1024.92,13.71
Station_B,2023-02-04 12:00:00,27.47,72.67,991.23,13.45
Station_B,2023-02-04 13:00:00,21.89,56.1,1015.48,14.27
Station_B,2023-02-04 14:00:00,32.68,41.9,1019.78,13.0
Station_B,2023-02-04 15:00:00,17.23,42.39,1020.9,0.86
Station_B,2023-02-04 16:00:00,16.56,52.11,993.56,14.47
Station_D,2023-02-04 17:00:00,34.1,32.91,1015.29,11.89
Station_D,2023-02-04 18:00:00,22.51,35.06,1020.79,0.97
Station_A,2023-02-04 19:00:00,24.14,60.23,1023.48,13.64
Station_C,2023-02-04 20:00:00,27.43,59.81,1001.59,12.06
Station_B,2023-02-04 21:00:00,26.65,43.03,1019.32,6.91
Station_B,2023-02-04 22:00:00,22.63,40.49,1020.61,13.19
Station_D,2023-02-04 23:00:00,16.48,33.49,1012.26,11.37
Station_D,2023-02-05 00:00:00,23.66,51.37,1013.54,10.47
Station_A,2023-02-05 01:00:00,23.53,70.92,1007.26,1.52
Station_D,2023-02-05 02:00:00,26.47,46.26,1005.79,8.84
Station_D,2023-02-05 03:00:00,31.42,84.76,1004.41,4.16
Station_B,2023-02-05 04:00:00,32.18,35.63,990.6,8.67
Station_A,2023-02-05 05:00:00,16.08,66.01,993.59,13.26
Station_C,2023-02-05 06:00:00,18.51,46.39,1017.97,14.12
Station_C,2023-02-05 07:00:00,32.78,49.42,1015.78,1.21
Station_B,2023-02-05 08:00:00,18.3,38.27,1007.47,11.22
Station_C,2023-02-05 09:00:00,34.51,69.4,996.16,13.66
Station_A,2023-02-05 10:00:00,15.42,75.28,993.22,11.9
Station_B,2023-02-05 11:00:00,15.6,35.99,1014.15,2.47
Station_A,2023-02-05 12:00:00,22.05,77.64,1001.59,0.4
Station_A,2023-02-05 13:00:00,34.07,83.76,1013.74,7.55
Station_D,2023-02-05 14:00:00,25.21,56.85,1023.14,4.23
Station_D,2023-02-05 15:00:00,19.74,32.23,1004.78,11.87
Station_A,2023-02-05 16:00:00,32.9,70.42,993.39,5.45
Station_A,2023-02-05 17:00:00,18.31,58.29,1018.34,2.89
Station_B,2023-02-05 18:00:00,29.77,43.42,1019.34,13.05
Station_D,2023-02-05 19:00:00,31.43,53.98,1017.01,7.04
Station_A,2023-02-05 20:00:00,33.34,70.01,1020.0,0.17
Station_D,2023-02-05 21:00:00,19.64,47.09,1000.67,13.15
Station_D,2023-02-05 22:00:00,24.5,33.21,1004.56,4.97
Station_A,2023-02-05 23:00:00,28.85,37.25,1019.48,11.65
Station_D,2023-02-06 00:00:00,24.93,77.43,992.12,8.13
Station_C,2023-02-06 01:00:00,32.47,69.16,1006.61,14.88
Station_B,2023-02-06 02:00:00,16.34,82.93,1008.42,3.83
Station_D,2023-02-06 03:00:00,29.17,43.71,998.13,8.49
Station_D,2023-02-06 04:00:00,22.63,82.82,990.62,4.48
Station_A,2023-02-06 05:00:00,34.44,49.95,993.98,11.3
Station_B,2023-02-06 06:00:00,33.76,47.88,1020.35,3.58
Station_B,2023-02-06 07:00:00,31.98,30.28,1002.92,7.15
Station_A,2023-02-06 08:00:00,22.98,63.89,990.09,9.22
Station_A,2023-02-06 09:00:00,32.93,86.26,1005.64,3.43
Station_C,2023-02-06 10:00:00,22.7,63.52,1000.04,2.26
Station_C,2023-02-06 11:00:00,20.81,30.53,1011.04,0.53
Station_B,2023-02-06 12:00:00,22.31,68.27,1024.37,3.58
Station_D,2023-02-06 13:00:00,30.27,75.37,998.86,1.41
Station_B,2023-02-06 14:00:00,16.66,31.44,1000.5,12.52
Station_B,2023-02-06 15:00:00,28.13,45.48,1010.73,14.82
Station_C,2023-02-06 16:00:00,22.58,73.31,1011.63,10.87
Station_C,2023-02-06 17:00:00,16.79,77.27,1004.53,9.54
Station_D,2023-02-06 18:00:00,20.13,45.37,1022.52,10.95
Station_C,2023-02-06 19:00:00,31.71,34.2,1012.83,6.29
Station_B,2023-02-06 20:00:00,18.15,32.76,1008.32,5.02
Station_C,2023-02-06 21:00:00,32.7,41.33,991.66,6.4
Station_B,2023-02-06 22:00:00,18.48,75.86,1008.1,4.1
Station_A,2023-02-06 23:00:00,24.59,44.36,1006.39,6.82
Station_A,2023-02-07 00:00:00,30.84,82.43,1020.31,13.41
Station_D,2023-02-07 01:00:00,17.72,44.86,1012.9,10.3
Station_A,2023-02-07 02:00:00,24.73,87.35,1001.14,12.49
Station_B,2023-02-07 03:00:00,15.83,60.65,991.56,12.81
Station_A,2023-02-07 04:00:00,33.68,53.24,1010.5,2.63
Station_A,2023-02-07 05:00:00,17.14,34.72,992.07,0.19
Station_A,2023-02-07 06:00:00,18.63,50.82,992.42,0.19
Station_A,2023-02-07 07:00:00,30.24,61.15,1019.17,0.49
Station_D,2023-02-07 08:00:00,20.66,81.19,996.3,13.74
Station_D,2023-02-07 09:00:00,20.71,54.66,998.99,7.96
Station_B,2023-02-07 10:00:00,33.16,41.37,1012.91,14.13
Station_B,2023-02-07 11:00:00,16.02,77.46,1022.1,1.94
Station_B,2023-02-07 12:00:00,25.19,47.98,995.69,2.48
Station_C,2023-02-07 13:00:00,17.75,47.44,993.67,6.87
Station_C,2023-02-07 14:00:00,34.22,78.19,999.6,14.69
Station_D,2023-02-07 15:00:00,22.06,54.58,1017.77,4.37
Station_D,2023-02-07 16:00:00,34.49,33.05,1007.93,14.9
Station_D,2023-02-07 17:00:00,15.77,61.02,1018.03,4.81
Station_D,2023-02-07 18:00:00,30.8,85.52,1009.44,3.7
Station_D,2023-02-07 19:00:00,15.51,45.77,992.7,9.53
Station_B,2023-02-07 20:00:00,32.07,33.58,1008.2,2.83
Station_A,2023-02-07 21:00:00,18.27,34.4,1011.48,6.39
Station_A,2023-02-07 22:00:00,17.55,37.54,998.13,14.02
Station_D,2023-02-07 23:00:00,34.74,63.89,993.52,10.7
Station_D,2023-02-08 00:00:00,26.52,34.03,1015.49,5.64
Station_D,2023-02-08 01:00:00,33.52,39.03,1011.9,13.43
Station_B,2023-02-08 02:00:00,19.77,51.8,997.61,12.94
Station_D,2023-02-08 03:00:00,24.4,51.51,1012.45,5.49
Station_B,2023-02-08 04:00:00,22.91,41.34,1016.23,4.17
Station_B,2023-02-08 05:00:00,24.28,42.37,1015.34,4.1
Station_D,2023-02-08 06:00:00,16.12,62.28,1021.75,0.02
Station_C,2023-02-08 07:00:00,29.34,67.78,1006.48,3.77
Station_C,2023-02-08 08:00:00,21.78,81.97,1000.13,4.88
Station_A,2023-02-08 09:00:00,18.06,32.48,1004.45,14.64
Station_B,2023-02-08 10:00:00,28.11,30.9,1012.11,5.59
Station_D,2023-02-08 11:00:00,21.11,82.48,1010.52,4.71
Station_A,2023-02-08 12:00:00,20.16,88.66,1003.83,13.33
Station_B,2023-02-08 13:00:00,26.5,55.41,1006.09,9.67
Station_C,2023-02-08 14:00:00,33.73,69.38,993.85,8.74
Station_A,2023-02-08 15:00:00,26.92,89.6,1024.38,2.89
Station_D,2023-02-08 16:00:00,23.8,65.49,1010.4,13.71
Station_C,2023-02-08 17:00:00,29.64,71.42,1015.09,13.32
Station_B,2023-02-08 18:00:00,16.18,64.07,998.58,8.02
Station_A,2023-02-08 19:00:00,28.08,59.54,1002.24,1.26
Station_A,2023-02-08 20:00:00,22.26,65.92,1016.27,9.61
Station_A,2023-02-08 21:00:00,32.27,73.54,998.33,14.75
Station_C,2023-02-08 22:00:00,18.75,30.69,993.6,4.25
Station_B,2023-02-08 23:00:00,30.91,42.26,1004.9,13.03
Station_B,2023-02-09 00:00:00,21.16,47.54,1023.22,5.92
Station_D,2023-02-09 01:00:00,16.91,30.48,1010.5,4.29
Station_C,2023-02-09 02:00:00,17.44,55.46,1008.91,9.56
Station_A,2023-02-09 03:00:00,26.93,32.04,1022.7,11.48
Station_C,2023-02-09 04:00:00,18.38,59.81,1011.06,8.15
Station_D,2023-02-09 05:00:00,30.3,40.35,1017.09,4.71
Station_B,2023-02-09 06:00:00,16.07,41.17,1007.38,9.23
Station_A,2023-02-09 07:00:00,19.27,77.25,1006.44,10.72
Station_D,2023-02-09 08:00:00,21.18,55.84,998.78,9.66
Station_C,2023-02-09 09:00:00,24.43,52.29,1024.72,2.68
Station_B,2023-02-09 10:00:00,29.82,75.54,1018.65,3.71
Station_D,2023-02-09 11:00:00,15.65,54.47,1024.05,12.73
Station_A,2023-02-09 12:00:00,25.38,70.71,1015.29,6.83
Station_C,2023-02-09 13:00:00,24.95,51.63,1017.08,14.65
Station_C,2023-02-09 14:00:00,15.67,50.54,1001.27,10.62
Station_A,2023-02-09 15:00:00,26.15,82.02,1009.85,5.94
Station_A,2023-02-09 16:00:00,28.41,46.14,1005.37,11.85
Station_D,2023-02-09 17:00:00,18.79,56.3,1010.12,4.71
Station_D,2023-02-09 18:00:00,31.24,84.76,1023.02,2.68
Station_C,2023-02-09 19:00:00,21.47,85.03,993.63,6.81
Station_A,2023-02-09 20:00:00,34.43,74.05,996.63,4.39
Station_C,2023-02-09 21:00:00,21.78,53.03,1003.69,0.08
Station_D,2023-02-09 22:00:00,34.47,32.35,990.44,12.19
Station_B,2023-02-09 23:00:00,22.27,57.72,999.65,4.1
Station_C,2023-02-10 00:00:00,22.84,59.47,995.99,8.98
Station_C,2023-02-10 01:00:00,30.5,75.62,1015.52,0.19
Station_D,2023-02-10 02:00:00,20.35,41.62,1019.74,0.99
Station_C,2023-02-10 03:00:00,18.53,30.9,1015.83,8.34
Station_B,2023-02-10 04:00:00,16.34,71.76,1024.74,14.54
Station_D,2023-02-10 05:00:00,17.5,50.59,1008.33,0.28
Station_A,2023-02-10 06:00:00,18.0,36.23,1005.97,14.74
Station_D,2023-02-10 07:00:00,26.33,44.36,1019.76,10.82
Station_C,2023-02-10 08:00:00,26.17,84.27,1011.54,13.64
Station_B,2023-02-10 09:00:00,26.28,74.51,1002.55,9.36
Station_C,2023-02-10 10:00:00,15.76,67.61,1007.54,9.6
Station_B,2023-02-10 11:00:00,15.19,86.22,1024.28,10.73
Station_D,2023-02-10 12:00:00,33.89,56.1,1016.68,14.3
Station_B,2023-02-10 13:00:00,28.37,86.31,1000.0,12.63
Station_D,2023-02-10 14:00:00,23.46,39.81,1000.29,11.39
Station_A,2023-02-10 15:00:00,30.15,40.67,1022.76,0.85
Station_B,2023-02-10 16:00:00,24.42,47.77,1022.07,7.63
Station_B,2023-02-10 17:00:00,24.51,52.38,1022.05,12.08
Station_B,2023-02-10 18:00:00,29.72,63.91,1011.76,13.36
Station_B,2023-02-10 19:00:00,28.8,58.18,1010.77,7.99
Station_D,2023-02-10 20:00:00,20.72,68.46,1016.45,6.07
Station_B,2023-02-10 21:00:00,19.66,40.07,993.65,6.62
Station_B,2023-02-10 22:00:00,33.35,43.79,998.03,0.47
Station_D,2023-02-10 23:00:00,17.19,49.03,1004.63,6.48
Station_B,2023-02-11 00:00:00,32.5,85.93,1024.71,8.95
Station_C,2023-02-11 01:00:00,17.11,85.92,1012.89,9.93
Station_B,2023-02-11 02:00:00,19.36,54.04,995.82,6.42
Station_C,2023-02-11 03:00:00,18.17,76.53,1010.11,1.76
Station_A,2023-02-11 04:00:00,23.99,50.24,1012.47,13.39
Station_B,2023-02-11 05:00:00,17.6,59.3,1002.5,4.29
Station_B,2023-02-11 06:00:00,31.72,73.9,1003.34,5.86
Station_B,2023-02-11 07:00:00,15.34,66.84,990.64,7.61
Station_C,2023-02-11 08:00:00,33.56,62.14,996.27,8.41
Station_A,2023-02-11 09:00:00,31.28,88.55,1000.93,12.01
Station_D,2023-02-11 10:00:00,20.84,66.25,1016.69,6.97
Station_D,2023-02-11 11:00:00,34.26,39.35,995.8,8.19
Station_B,2023-02-11 12:00:00,17.63,43.25,1004.94,7.98
Station_A,2023-02-11 13:00:00,19.63,81.35,1002.59,13.4
Station_A,2023-02-11 14:00:00,29.52,73.34,999.07,11.01
Station_A,2023-02-11 15:00:00,32.82,52.58,1002.3,6.9
